{
  "accuracy": 0.8352897763252258,
  "loss": 0.5125442743301392,
  "val_accuracy": 0.9024926424026489,
  "val_loss": 0.40596017241477966,
  "epoch": 2,
  "global_step": 498
}