{
  "accuracy": 0.6887380480766296,
  "loss": 0.9450591206550598,
  "val_accuracy": 0.6884164214134216,
  "val_loss": 0.6881718635559082,
  "epoch": 2,
  "global_step": 498
}